Vn,Ve,Vd,Pn,Pe,Pd
-0.018168366,-0.017773299,-0.87151283,6.693766926697171,-0.22770027989559888,-49.44623756307125
-0.019636424,-0.02552528,-0.83988065,6.6898396418455,-0.23280533576422452,-49.61421368914604
-0.014818809,-0.03186632,-0.82283074,6.686875880046463,-0.23917859965973615,-49.77877983349323
-0.017437594,-0.02729495,-0.76560944,6.683388361057913,-0.2446375897716832,-49.931901722130775
-0.03527097,-0.009899801,-0.65669006,6.6763341671812295,-0.24661754990034818,-50.06323973732948
-0.045466814,0.0019081053,-0.6735996,6.6672408043432,-0.2462359288338673,-50.1979596604681
