Vn,Ve,Vd,Pn,Pe,Pd
-3.7657025,-3.303366,0.110345796,110.64450949087143,71.53737679891586,-52.18366484010482
-3.775802,-3.3132002,0.053026337,109.88934909954071,70.87473676376342,-52.17305957285577
-3.7878168,-3.3191183,-0.014765963,109.13178574695587,70.21091309957504,-52.17601276554057
-3.78542,-3.3181705,-0.10446382,108.37470173492432,69.54727897815704,-52.19690553091356
-3.792244,-3.3298104,-0.028580114,107.61625295534134,68.88131687812805,-52.20262155394891
-3.7811925,-3.3109584,-0.104922816,106.86001443519592,68.21912518911361,-52.223606117925435
-3.7952485,-3.311763,-0.14402768,106.10096472158432,67.55677256755828,-52.2524116532121
-3.797311,-3.3280003,-0.15738414,105.34150248422623,66.89117250614166,-52.28388848241308
-3.8067412,-3.3296697,-0.1463723,104.58015423669815,66.225238539505,-52.31316294234136
