w_x,w_y,w_z,a_x,a_y,a_z,m_x,m_y,m_z,h,Vn,Ve,Vd,Pn,Pe,Pd
-0.0009014634668421048,0.0004510805544736842,-0.001800935438157895,-0.4211757198026317,0.5181226020789474,-9.83001955263158,0.22570292124999997,-0.10112634425,0.419519805,0.0,0.005546004,0.053715434,-0.023734914,6.6817107,-0.267379,-2.6709714
0.014654115462,0.018502239718000003,-0.0003484093066000001,-0.44196075928,0.52731755224,-9.83664924,0.22170176888888887,-0.09862422033333332,0.42382574,-0.002328245789854577,0.0058074957,0.05045192,-0.025326045,6.6796427,-0.26103425,-2.6701725
0.2575964631180001,0.5445357262399999,-0.07676314296,-1.211414024906,0.08332887540000002,-13.897756950000003,0.20949205777777777,-0.08797000633333335,0.4280872855555556,0.8361342713073086,0.0017435363,0.051096477,-0.025684293,6.671235,-0.25316164,-2.6764438
-0.19887347328000002,-0.25922750696,-0.07008187079999999,-1.1382288267999998,0.006124382800000027,-17.644560400000003,0.177218824,-0.07453924,0.44740629000000004,-0.0294429234095972,-0.04405228,0.0042865714,-0.1801736,6.656198,-0.24537596,-2.7196274
