epoch,loss,mae,val_loss,val_mae
0,1.095138669013977,0.3944488763809204,0.5612771511077881,0.2481212168931961
1,0.7899189591407776,0.3345845341682434,0.46738648414611816,0.2274440973997116
2,0.7420837879180908,0.32711997628211975,0.4483560025691986,0.2206544131040573
